,puid,age,home_zone,home_id,shop_zone,shop_id,event_zone,event_id,work_zone,work_id,school_zone,school_id
0,0,17,916233,34,9162109,403,91623,3,916262,205,-2,-2
1,1,24,916233,35,9162109,403,9162108,402,916263,206,-2,-2
2,2,19,916233,36,9162106,400,91626,6,916217,18,-2,-2
3,3,19,916233,37,916229,30,91621,1,916217,18,-2,-2
4,4,37,916233,38,9162106,400,9162104,398,916265,208,-2,-2
5,5,19,916233,38,916218,19,91626,6,916232,33,-2,-2
6,6,79,916233,39,9162109,403,9162104,398,-2,-2,-2,-2
7,7,35,916233,39,916212,13,91624,4,916227,28,-2,-2
8,8,69,916233,40,916223,24,91625,5,-2,-2,-2,-2
9,9,48,916233,40,9162109,403,91625,5,916266,209,-2,-2
10,10,48,916233,41,916228,29,91625,5,916269,212,-2,-2
11,11,20,916233,41,916228,29,9162108,402,916277,237,-2,-2
12,12,45,916233,42,916229,30,91621,1,916227,28,-2,-2
13,13,59,916233,42,916221,22,9162110,404,916220,21,-2,-2
14,14,32,916233,43,916212,13,9162108,402,916281,241,-2,-2
15,15,54,916233,43,9162109,403,91622,2,916268,211,-2,-2
16,16,32,916233,44,916228,29,91626,6,916266,209,-2,-2
17,17,19,916233,44,916216,17,91621,1,916263,206,-2,-2
18,18,0,916233,45,916213,14,91626,6,-2,-2,-2,-2
19,19,72,916233,45,916282,242,91625,5,-2,-2,-2,-2
20,20,43,916233,45,916221,22,9162104,398,916267,210,-2,-2
21,21,6,916233,46,916221,22,91621,1,-2,-2,91629,9
22,22,31,916233,46,916228,29,91622,2,916262,205,-2,-2
23,23,60,916233,46,916221,22,9162104,398,-2,-2,-2,-2
24,24,30,916233,47,916212,13,91628,8,9162105,399,-2,-2
25,25,86,916233,47,916212,13,91627,7,-2,-2,-2,-2
26,26,50,916233,47,916221,22,91623,3,916215,16,-2,-2
27,27,34,916233,48,916223,24,91623,3,916217,18,-2,-2
28,28,19,916233,48,916212,13,91624,4,916217,18,-2,-2
29,29,3,916233,48,916212,13,91627,7,-2,-2,-2,-2
30,30,58,916233,48,916230,31,91623,3,916263,206,-2,-2
31,31,27,916233,49,916223,24,9162107,401,916281,241,-2,-2
32,32,57,916233,49,916211,12,9162108,402,916268,211,-2,-2
33,33,0,916233,49,9162109,403,91627,7,-2,-2,-2,-2
34,34,84,916233,49,916219,20,91626,6,-2,-2,-2,-2
35,35,59,916233,49,916229,30,91622,2,916225,26,-2,-2
36,36,20,916234,50,916211,12,91623,3,916266,209,-2,-2
37,37,44,916234,51,916212,13,9162110,404,916264,207,-2,-2
38,38,37,916234,52,916218,19,91627,7,916227,28,-2,-2
39,39,37,916234,52,916282,242,91623,3,916231,32,-2,-2
40,40,24,916234,53,916282,242,91625,5,916279,239,-2,-2
41,41,38,916234,53,9162109,403,9162110,404,916277,237,-2,-2
42,42,70,916234,54,916229,30,91622,2,-2,-2,-2,-2
43,43,39,916234,54,9162106,400,91626,6,916277,237,-2,-2
44,44,38,916234,55,916282,242,9162108,402,916278,238,-2,-2
45,45,39,916234,55,916212,13,91621,1,916262,205,-2,-2
46,46,37,916234,56,916212,13,91628,8,916220,21,-2,-2
47,47,47,916234,56,9162109,403,91623,3,916227,28,-2,-2
48,48,17,916234,57,916222,23,91625,5,916232,33,-2,-2
49,49,31,916234,57,916280,240,91625,5,916279,239,-2,-2
50,50,51,916234,58,916230,31,91624,4,916279,239,-2,-2
51,51,47,916234,58,916213,14,91625,5,916269,212,-2,-2
52,52,38,916234,59,916223,24,91626,6,916217,18,-2,-2
53,53,59,916234,59,916214,15,9162108,402,916277,237,-2,-2
54,54,3,916234,59,916213,14,9162104,398,-2,-2,-2,-2
55,55,1,916234,59,916228,29,9162108,402,-2,-2,-2,-2
56,56,75,916235,60,916211,12,91626,6,-2,-2,-2,-2
57,57,39,916235,61,916214,15,91626,6,916279,239,-2,-2
58,58,27,916235,62,916230,31,91627,7,916279,239,-2,-2
59,59,68,916235,63,916230,31,9162110,404,-2,-2,-2,-2
60,60,25,916235,64,916229,30,91622,2,916232,33,-2,-2
61,61,25,916235,64,9162106,400,91625,5,916266,209,-2,-2
62,62,73,916235,65,9162109,403,9162108,402,-2,-2,-2,-2
63,63,20,916235,65,916222,23,91627,7,916231,32,-2,-2
64,64,31,916235,66,916218,19,91625,5,916281,241,-2,-2
65,65,36,916235,66,916230,31,91627,7,916277,237,-2,-2
66,66,56,916235,66,916280,240,9162104,398,916220,21,-2,-2
67,67,76,916235,66,916282,242,91626,6,-2,-2,-2,-2
68,68,66,916235,66,916224,25,9162108,402,-2,-2,-2,-2
69,69,81,916236,67,916228,29,9162107,401,-2,-2,-2,-2
70,70,36,916236,68,916219,20,9162108,402,916281,241,-2,-2
71,71,48,916236,69,916213,14,91622,2,916279,239,-2,-2
72,72,69,916236,70,916212,13,9162108,402,-2,-2,-2,-2
73,73,55,916236,71,916224,25,9162107,401,916231,32,-2,-2
74,74,40,916236,72,916228,29,9162108,402,916265,208,-2,-2
75,75,26,916236,73,916280,240,9162107,401,916226,27,-2,-2
76,76,61,916236,73,9162106,400,91622,2,-2,-2,-2,-2
77,77,40,916236,74,916222,23,91622,2,916231,32,-2,-2
78,78,74,916236,74,916280,240,91621,1,-2,-2,-2,-2
79,79,69,916237,75,916229,30,9162104,398,-2,-2,-2,-2
80,80,19,916237,76,916219,20,91623,3,9162105,399,-2,-2
81,81,12,916237,76,916213,14,91625,5,-2,-2,91629,9
82,82,52,916238,77,916223,24,91623,3,916267,210,-2,-2
83,83,45,916238,78,916213,14,91624,4,916264,207,-2,-2
84,84,50,916238,79,916230,31,9162104,398,916225,26,-2,-2
85,85,58,916238,80,9162106,400,91623,3,916265,208,-2,-2
86,86,5,916238,81,916218,19,9162110,404,-2,-2,91629,9
87,87,66,916238,81,916230,31,91626,6,-2,-2,-2,-2
88,88,22,916238,81,916282,242,9162107,401,916215,16,-2,-2
89,89,19,916238,82,916218,19,9162104,398,916220,21,-2,-2
90,90,71,916238,82,916223,24,9162104,398,-2,-2,-2,-2
91,91,51,916238,82,916224,25,9162104,398,916215,16,-2,-2
92,92,66,916239,83,916282,242,91623,3,-2,-2,-2,-2
93,93,39,916239,84,9162109,403,91624,4,916263,206,-2,-2
94,94,42,916239,84,916211,12,91623,3,916266,209,-2,-2
95,95,4,916239,84,916230,31,91628,8,-2,-2,-2,-2
96,96,43,916239,84,9162109,403,91626,6,916225,26,-2,-2
97,97,19,916239,84,9162109,403,91621,1,916281,241,-2,-2
98,98,67,916240,85,9162109,403,91624,4,-2,-2,-2,-2
99,99,63,916240,85,916216,17,91622,2,-2,-2,-2,-2
100,100,71,916240,86,916218,19,91621,1,-2,-2,-2,-2
101,101,33,916240,86,916221,22,91626,6,9162105,399,-2,-2
102,102,24,916240,87,916216,17,91624,4,916278,238,-2,-2
103,103,20,916240,87,916216,17,9162104,398,916265,208,-2,-2
104,104,39,916240,88,916229,30,91621,1,916264,207,-2,-2
105,105,81,916240,88,916212,13,9162108,402,-2,-2,-2,-2
106,106,61,916240,88,916213,14,91624,4,-2,-2,-2,-2
107,107,43,916240,88,916214,15,91624,4,9162105,399,-2,-2
108,108,48,916240,88,916228,29,9162107,401,916220,21,-2,-2
109,109,68,916241,89,9162109,403,91621,1,-2,-2,-2,-2
110,110,83,916241,90,916229,30,91625,5,-2,-2,-2,-2
111,111,78,916241,91,916213,14,91622,2,-2,-2,-2,-2
112,112,57,916241,92,916230,31,91628,8,916265,208,-2,-2
113,113,38,916241,93,916218,19,9162107,401,9162105,399,-2,-2
114,114,72,916241,94,916280,240,91626,6,-2,-2,-2,-2
115,115,60,916241,95,916221,22,91625,5,-2,-2,-2,-2
116,116,60,916241,96,916213,14,91627,7,-2,-2,-2,-2
117,117,40,916241,96,916211,12,91627,7,916278,238,-2,-2
118,118,24,916241,97,9162109,403,9162110,404,9162105,399,-2,-2
119,119,67,916241,97,916224,25,91621,1,-2,-2,-2,-2
120,120,40,916242,98,916214,15,91628,8,916227,28,-2,-2
121,121,31,916242,99,9162109,403,9162107,401,916220,21,-2,-2
122,122,48,916242,100,916221,22,91622,2,916262,205,-2,-2
123,123,59,916242,100,916216,17,9162104,398,916215,16,-2,-2
124,124,45,916242,101,916228,29,9162107,401,9162105,399,-2,-2
125,125,27,916242,101,916218,19,91628,8,916269,212,-2,-2
126,126,16,916242,102,916213,14,91622,2,916215,16,-2,-2
127,127,17,916242,102,916224,25,9162110,404,916231,32,-2,-2
128,128,37,916242,103,916219,20,9162110,404,916268,211,-2,-2
129,129,60,916242,103,916221,22,91622,2,-2,-2,-2,-2
130,130,30,916242,103,916229,30,91626,6,916226,27,-2,-2
131,131,62,916242,103,916219,20,9162110,404,-2,-2,-2,-2
132,132,76,916243,104,916282,242,91624,4,-2,-2,-2,-2
133,133,66,916243,105,916219,20,9162104,398,-2,-2,-2,-2
134,134,70,916243,106,916218,19,91624,4,-2,-2,-2,-2
135,135,57,916243,107,9162106,400,91628,8,916232,33,-2,-2
136,136,30,916243,108,916223,24,9162107,401,916215,16,-2,-2
137,137,19,916243,108,916280,240,91628,8,916264,207,-2,-2
138,138,55,916243,109,916214,15,91627,7,9162105,399,-2,-2
139,139,63,916243,109,9162109,403,9162110,404,-2,-2,-2,-2
140,140,45,916243,110,916216,17,91623,3,916265,208,-2,-2
141,141,51,916243,110,916214,15,91625,5,916215,16,-2,-2
142,142,54,916244,111,916221,22,91622,2,916217,18,-2,-2
143,143,41,916244,112,916218,19,91622,2,916277,237,-2,-2
144,144,26,916244,113,916224,25,9162110,404,916232,33,-2,-2
145,145,57,916244,114,916280,240,9162110,404,916266,209,-2,-2
146,146,48,916244,114,916213,14,9162104,398,916281,241,-2,-2
147,147,48,916244,115,916216,17,91627,7,9162105,399,-2,-2
148,148,65,916244,115,9162109,403,9162108,402,-2,-2,-2,-2
149,149,51,916244,116,916228,29,9162107,401,916264,207,-2,-2
150,150,1,916244,116,916280,240,91624,4,-2,-2,-2,-2
151,151,23,916244,116,916280,240,9162104,398,916215,16,-2,-2
152,152,62,916245,117,916212,13,91622,2,-2,-2,-2,-2
153,153,26,916245,118,916218,19,91624,4,916281,241,-2,-2
154,154,57,916245,118,916282,242,9162107,401,916267,210,-2,-2
155,155,16,916245,119,916213,14,9162108,402,916231,32,-2,-2
156,156,36,916245,119,916221,22,9162110,404,916267,210,-2,-2
157,157,33,916245,120,916212,13,9162104,398,916217,18,-2,-2
158,158,80,916245,120,916221,22,9162104,398,-2,-2,-2,-2
159,159,52,916245,121,916282,242,9162110,404,916266,209,-2,-2
160,160,56,916245,121,916211,12,9162107,401,916279,239,-2,-2
161,161,35,916245,121,9162109,403,9162108,402,916231,32,-2,-2
162,162,1,916245,121,916224,25,91628,8,-2,-2,-2,-2
163,163,35,916246,122,916221,22,91623,3,916227,28,-2,-2
164,164,40,916246,123,916216,17,9162110,404,916268,211,-2,-2
165,165,48,916246,123,916280,240,91625,5,916268,211,-2,-2
166,166,57,916246,124,916218,19,9162107,401,916266,209,-2,-2
167,167,50,916246,124,916212,13,9162107,401,916268,211,-2,-2
168,168,13,916246,124,916229,30,91627,7,-2,-2,91629,9
169,169,76,916246,125,916230,31,9162107,401,-2,-2,-2,-2
170,170,89,916246,125,916228,29,9162110,404,-2,-2,-2,-2
171,171,81,916246,125,916211,12,91622,2,-2,-2,-2,-2
172,172,21,916246,125,916223,24,9162104,398,916215,16,-2,-2
173,173,60,916247,126,916282,242,91627,7,-2,-2,-2,-2
174,174,80,916247,127,916228,29,91624,4,-2,-2,-2,-2
175,175,52,916247,128,916214,15,9162110,404,9162105,399,-2,-2
176,176,10,916247,128,916228,29,9162108,402,-2,-2,91629,9
177,177,46,916247,129,916218,19,91626,6,9162105,399,-2,-2
178,178,57,916247,129,9162106,400,9162108,402,916265,208,-2,-2
179,179,20,916247,129,916214,15,91622,2,916227,28,-2,-2
180,180,59,916247,130,916212,13,91623,3,916268,211,-2,-2
181,181,25,916247,130,916211,12,91624,4,916231,32,-2,-2
182,182,3,916247,130,916216,17,91627,7,-2,-2,-2,-2
183,183,10,916247,130,9162106,400,91625,5,-2,-2,91629,9
184,184,59,916248,131,916222,23,9162110,404,916279,239,-2,-2
185,185,31,916248,131,916229,30,91625,5,916268,211,-2,-2
186,186,61,916248,132,916218,19,9162104,398,-2,-2,-2,-2
187,187,53,916248,132,916228,29,91626,6,916279,239,-2,-2
188,188,65,916248,133,9162106,400,91627,7,-2,-2,-2,-2
189,189,41,916248,133,916223,24,9162110,404,916279,239,-2,-2
190,190,58,916248,134,916222,23,9162104,398,916231,32,-2,-2
191,191,3,916248,134,916214,15,91621,1,-2,-2,-2,-2
192,192,28,916248,134,916228,29,91624,4,916263,206,-2,-2
193,193,18,916248,134,916223,24,9162107,401,916217,18,-2,-2
194,194,55,916249,135,916218,19,9162104,398,9162105,399,-2,-2
195,195,60,916249,135,916223,24,91625,5,-2,-2,-2,-2
196,196,79,916249,136,916219,20,9162108,402,-2,-2,-2,-2
197,197,63,916249,136,9162109,403,91622,2,-2,-2,-2,-2
198,198,57,916249,137,916211,12,9162108,402,916226,27,-2,-2
199,199,17,916249,137,916222,23,9162107,401,916265,208,-2,-2
200,200,29,916249,138,9162109,403,91623,3,916262,205,-2,-2
201,201,38,916249,138,916224,25,9162104,398,916277,237,-2,-2
202,202,72,916249,138,916218,19,9162108,402,-2,-2,-2,-2
203,203,33,916249,138,916224,25,9162108,402,916225,26,-2,-2
204,204,33,916250,139,916224,25,91622,2,9162105,399,-2,-2
205,205,32,916250,140,916282,242,9162104,398,916269,212,-2,-2
206,206,31,916250,141,9162106,400,91626,6,916268,211,-2,-2
207,207,31,916250,142,916213,14,91624,4,916279,239,-2,-2
208,208,43,916250,142,916224,25,9162107,401,9162105,399,-2,-2
209,209,26,916250,143,916282,242,9162108,402,916217,18,-2,-2
210,210,68,916250,143,916219,20,91628,8,-2,-2,-2,-2
211,211,33,916250,144,916229,30,91627,7,916232,33,-2,-2
212,212,59,916250,144,916212,13,91626,6,916266,209,-2,-2
213,213,28,916250,145,916230,31,91621,1,916215,16,-2,-2
214,214,50,916250,145,916216,17,9162107,401,916277,237,-2,-2
215,215,54,916251,146,916282,242,9162108,402,916266,209,-2,-2
216,216,64,916251,147,916224,25,91622,2,-2,-2,-2,-2
217,217,69,916251,148,916230,31,91623,3,-2,-2,-2,-2
218,218,30,916251,148,916212,13,9162104,398,916281,241,-2,-2
219,219,38,916251,149,916213,14,91624,4,916281,241,-2,-2
220,220,25,916251,149,9162109,403,91622,2,916267,210,-2,-2
221,221,25,916251,150,916280,240,91625,5,916262,205,-2,-2
222,222,51,916251,150,916224,25,91621,1,916225,26,-2,-2
223,223,42,916251,151,916213,14,91627,7,916267,210,-2,-2
224,224,29,916251,151,916230,31,91628,8,916278,238,-2,-2
225,225,61,916252,152,916280,240,91621,1,-2,-2,-2,-2
226,226,76,916252,153,916211,12,91628,8,-2,-2,-2,-2
227,227,68,916252,153,916212,13,91623,3,-2,-2,-2,-2
228,228,36,916252,154,916221,22,9162107,401,9162105,399,-2,-2
229,229,50,916252,154,916280,240,91621,1,916226,27,-2,-2
230,230,71,916252,155,916213,14,9162104,398,-2,-2,-2,-2
231,231,8,916252,155,916222,23,9162107,401,-2,-2,91629,9
232,232,28,916252,156,916224,25,91626,6,916265,208,-2,-2
233,233,14,916252,156,916221,22,91622,2,-2,-2,91629,9
234,234,89,916252,156,916282,242,91625,5,-2,-2,-2,-2
235,235,76,916252,156,9162106,400,91623,3,-2,-2,-2,-2
236,236,38,916253,157,916211,12,9162107,401,916278,238,-2,-2
237,237,21,916253,158,916211,12,91623,3,916277,237,-2,-2
238,238,85,916253,158,916230,31,91622,2,-2,-2,-2,-2
239,239,36,916253,159,9162106,400,9162104,398,916220,21,-2,-2
240,240,19,916253,159,916224,25,9162108,402,916277,237,-2,-2
241,241,85,916253,159,916282,242,91627,7,-2,-2,-2,-2
242,242,52,916253,160,916221,22,9162110,404,916231,32,-2,-2
243,243,35,916253,160,916219,20,91622,2,916226,27,-2,-2
244,244,49,916253,160,916216,17,9162107,401,916277,237,-2,-2
245,245,4,916253,160,9162106,400,9162104,398,-2,-2,-2,-2
246,246,19,916254,161,916214,15,91623,3,916264,207,-2,-2
247,247,3,916254,161,916212,13,91621,1,-2,-2,-2,-2
248,248,29,916254,162,916219,20,9162107,401,916278,238,-2,-2
249,249,39,916254,162,916212,13,91623,3,916277,237,-2,-2
250,250,70,916254,162,9162106,400,91621,1,-2,-2,-2,-2
251,251,40,916254,162,916214,15,91625,5,916268,211,-2,-2
252,252,25,916254,163,916219,20,9162108,402,9162105,399,-2,-2
253,253,63,916254,163,916214,15,9162108,402,-2,-2,-2,-2
254,254,14,916254,163,916213,14,9162110,404,-2,-2,91629,9
255,255,47,916254,163,916282,242,91628,8,916265,208,-2,-2
256,256,77,916254,163,916222,23,91623,3,-2,-2,-2,-2
257,257,89,916255,164,916221,22,9162108,402,-2,-2,-2,-2
258,258,53,916255,165,916230,31,91621,1,916277,237,-2,-2
259,259,26,916255,166,916216,17,9162107,401,916225,26,-2,-2
260,260,16,916255,167,916282,242,9162107,401,916267,210,-2,-2
261,261,47,916255,167,9162106,400,9162108,402,916227,28,-2,-2
262,262,52,916255,168,916223,24,91623,3,916215,16,-2,-2
263,263,25,916255,168,916218,19,91627,7,916279,239,-2,-2
264,264,10,916255,168,916229,30,9162110,404,-2,-2,91629,9
265,265,18,916255,169,916224,25,91628,8,9162105,399,-2,-2
266,266,36,916255,169,916280,240,9162107,401,916269,212,-2,-2
267,267,59,916255,169,9162109,403,91622,2,916264,207,-2,-2
268,268,38,916255,169,916218,19,9162108,402,916278,238,-2,-2
269,269,79,916256,170,916218,19,9162108,402,-2,-2,-2,-2
270,270,42,916256,171,916214,15,91623,3,916226,27,-2,-2
271,271,65,916256,172,916229,30,91628,8,-2,-2,-2,-2
272,272,57,916256,172,916214,15,91624,4,916227,28,-2,-2
273,273,27,916256,173,916222,23,91625,5,916266,209,-2,-2
274,274,53,916256,173,9162109,403,91621,1,916264,207,-2,-2
275,275,62,916256,174,916222,23,91626,6,-2,-2,-2,-2
276,276,57,916256,174,916282,242,9162108,402,916266,209,-2,-2
277,277,34,916256,175,916219,20,91627,7,916215,16,-2,-2
278,278,45,916256,175,916213,14,9162108,402,916231,32,-2,-2
279,279,46,916256,175,916212,13,91622,2,916220,21,-2,-2
280,280,29,916257,176,916282,242,9162107,401,916266,209,-2,-2
281,281,76,916257,176,9162109,403,91627,7,-2,-2,-2,-2
282,282,44,916257,177,916229,30,9162104,398,916278,238,-2,-2
283,283,17,916257,177,916230,31,91627,7,916268,211,-2,-2
284,284,79,916257,177,9162106,400,9162104,398,-2,-2,-2,-2
285,285,41,916257,177,916212,13,91624,4,916232,33,-2,-2
286,286,32,916257,178,916218,19,91624,4,916220,21,-2,-2
287,287,77,916257,178,916212,13,91621,1,-2,-2,-2,-2
288,288,40,916257,178,9162106,400,9162108,402,9162105,399,-2,-2
289,289,50,916257,178,916222,23,91625,5,916279,239,-2,-2
290,290,42,916257,178,916213,14,91626,6,916267,210,-2,-2
291,291,20,916258,179,916212,13,91622,2,916269,212,-2,-2
292,292,71,916258,180,916224,25,91621,1,-2,-2,-2,-2
293,293,36,916258,181,916223,24,9162104,398,916264,207,-2,-2
294,294,62,916258,182,916224,25,9162107,401,-2,-2,-2,-2
295,295,39,916258,182,9162109,403,91622,2,9162105,399,-2,-2
296,296,45,916258,183,916280,240,91625,5,916225,26,-2,-2
297,297,27,916258,183,916213,14,9162110,404,916217,18,-2,-2
298,298,77,916258,184,916222,23,91627,7,-2,-2,-2,-2
299,299,0,916258,184,916213,14,91623,3,-2,-2,-2,-2
300,300,35,916258,184,9162106,400,9162104,398,916269,212,-2,-2
301,301,38,916259,185,916219,20,91628,8,916279,239,-2,-2
302,302,82,916259,186,916214,15,91628,8,-2,-2,-2,-2
303,303,37,916259,187,916221,22,91626,6,916267,210,-2,-2
304,304,48,916259,188,916223,24,91627,7,916227,28,-2,-2
305,305,33,916259,189,916224,25,91623,3,916225,26,-2,-2
306,306,47,916259,190,916221,22,91622,2,916215,16,-2,-2
307,307,55,916259,190,916211,12,9162104,398,916263,206,-2,-2
308,308,67,916259,190,9162106,400,91625,5,-2,-2,-2,-2
309,309,44,916259,191,916224,25,91624,4,916217,18,-2,-2
310,310,58,916259,191,916280,240,9162110,404,916215,16,-2,-2
311,311,41,916259,191,916213,14,9162107,401,916265,208,-2,-2
312,312,57,916259,191,9162109,403,91621,1,916262,205,-2,-2
313,313,54,916260,192,916230,31,9162104,398,916231,32,-2,-2
314,314,88,916260,193,916230,31,91621,1,-2,-2,-2,-2
315,315,30,916260,194,9162106,400,91621,1,916227,28,-2,-2
316,316,73,916260,195,916230,31,91625,5,-2,-2,-2,-2
317,317,35,916260,195,916219,20,9162108,402,916264,207,-2,-2
318,318,64,916260,196,916221,22,9162104,398,-2,-2,-2,-2
319,319,16,916260,196,916221,22,91622,2,916215,16,-2,-2
320,320,20,916260,197,916218,19,9162104,398,916278,238,-2,-2
321,321,34,916260,197,916222,23,91627,7,916269,212,-2,-2
322,322,78,916260,198,916229,30,9162104,398,-2,-2,-2,-2
323,323,38,916260,198,916219,20,91625,5,916281,241,-2,-2
324,324,50,916260,198,916218,19,91624,4,916263,206,-2,-2
325,325,62,916260,198,916282,242,91628,8,-2,-2,-2,-2
326,326,58,916261,199,916223,24,9162104,398,9162105,399,-2,-2
327,327,36,916261,200,916221,22,91623,3,916226,27,-2,-2
328,328,26,916261,201,916214,15,9162104,398,916278,238,-2,-2
329,329,55,916261,201,916216,17,91625,5,916215,16,-2,-2
330,330,68,916261,202,916221,22,91624,4,-2,-2,-2,-2
331,331,25,916261,202,9162109,403,91622,2,916277,237,-2,-2
332,332,31,916261,203,916229,30,91622,2,916269,212,-2,-2
333,333,73,916261,203,916214,15,9162107,401,-2,-2,-2,-2
334,334,31,916261,204,916223,24,9162104,398,916265,208,-2,-2
335,335,83,916261,204,916224,25,91627,7,-2,-2,-2,-2
336,336,74,916270,213,916229,30,9162108,402,-2,-2,-2,-2
337,337,41,916270,214,916211,12,91624,4,916227,28,-2,-2
338,338,40,916270,215,916218,19,91627,7,916277,237,-2,-2
339,339,38,916270,216,916280,240,91626,6,916281,241,-2,-2
340,340,27,916270,217,916228,29,91625,5,9162105,399,-2,-2
341,341,41,916270,217,916211,12,91624,4,9162105,399,-2,-2
342,342,38,916270,218,916282,242,91627,7,916231,32,-2,-2
343,343,45,916270,218,916282,242,91622,2,916265,208,-2,-2
344,344,29,916270,219,916228,29,9162110,404,9162105,399,-2,-2
345,345,52,916270,219,916228,29,9162108,402,916215,16,-2,-2
346,346,44,916270,219,916213,14,91625,5,916267,210,-2,-2
347,347,74,916270,219,916224,25,91628,8,-2,-2,-2,-2
348,348,43,916272,220,9162106,400,91621,1,916281,241,-2,-2
349,349,78,916272,221,916223,24,91626,6,-2,-2,-2,-2
350,350,63,916272,222,916216,17,91628,8,-2,-2,-2,-2
351,351,40,916272,223,916221,22,9162110,404,916226,27,-2,-2
352,352,18,916272,224,916211,12,9162108,402,916266,209,-2,-2
353,353,74,916272,225,916218,19,91626,6,-2,-2,-2,-2
354,354,21,916272,225,916213,14,91622,2,916263,206,-2,-2
355,355,72,916272,226,9162106,400,91621,1,-2,-2,-2,-2
356,356,74,916272,226,916216,17,9162110,404,-2,-2,-2,-2
357,357,32,916274,227,916219,20,9162104,398,916267,210,-2,-2
358,358,17,916274,227,916212,13,91623,3,916278,238,-2,-2
359,359,66,916274,228,916229,30,91627,7,-2,-2,-2,-2
360,360,38,916274,228,916229,30,9162107,401,916262,205,-2,-2
361,361,17,916274,228,9162109,403,91625,5,916266,209,-2,-2
362,362,74,916274,228,9162106,400,91627,7,-2,-2,-2,-2
363,363,35,916274,229,916222,23,9162110,404,916264,207,-2,-2
364,364,14,916274,229,916229,30,91624,4,-2,-2,91629,9
365,365,19,916274,229,916224,25,9162108,402,916265,208,-2,-2
366,366,5,916274,229,916211,12,91626,6,-2,-2,91629,9
367,367,72,916274,229,916221,22,91627,7,-2,-2,-2,-2
368,368,29,916275,230,916229,30,91626,6,916220,21,-2,-2
369,369,74,916275,231,916224,25,9162108,402,-2,-2,-2,-2
370,370,54,916275,232,916223,24,91627,7,916217,18,-2,-2
371,371,54,916275,232,9162109,403,91627,7,916264,207,-2,-2
372,372,57,916275,233,916216,17,9162110,404,916278,238,-2,-2
373,373,52,916275,233,916223,24,91627,7,916279,239,-2,-2
374,374,41,916275,233,916216,17,91625,5,916225,26,-2,-2
375,375,75,916276,234,9162109,403,91622,2,-2,-2,-2,-2
376,376,36,916276,235,916219,20,91622,2,916267,210,-2,-2
377,377,11,916276,235,916228,29,91622,2,-2,-2,91629,9
378,378,46,916276,236,916221,22,91623,3,916264,207,-2,-2
379,379,35,916276,236,916216,17,9162110,404,9162105,399,-2,-2
380,380,57,916276,236,916222,23,9162107,401,916227,28,-2,-2
381,381,49,916283,243,916219,20,9162110,404,916226,27,-2,-2
382,382,74,916283,244,916219,20,91622,2,-2,-2,-2,-2
383,383,39,916283,245,916219,20,91625,5,916281,241,-2,-2
384,384,21,916283,246,916230,31,91622,2,916263,206,-2,-2
385,385,70,916283,247,916213,14,91625,5,-2,-2,-2,-2
386,386,38,916283,248,916219,20,91626,6,916278,238,-2,-2
387,387,39,916283,249,916280,240,91626,6,916225,26,-2,-2
388,388,55,916283,250,916214,15,91627,7,916279,239,-2,-2
389,389,55,916283,251,916280,240,91628,8,9162105,399,-2,-2
390,390,85,916283,252,916211,12,91621,1,-2,-2,-2,-2
391,391,46,916283,253,916224,25,91621,1,916262,205,-2,-2
392,392,87,916283,254,916211,12,91623,3,-2,-2,-2,-2
393,393,59,916283,255,916219,20,91625,5,916279,239,-2,-2
394,394,21,916283,255,916214,15,91626,6,916215,16,-2,-2
395,395,26,916283,256,916280,240,9162110,404,916277,237,-2,-2
396,396,19,916283,256,916219,20,91625,5,916220,21,-2,-2
397,397,37,916283,257,916228,29,9162104,398,916278,238,-2,-2
398,398,61,916283,257,916213,14,91627,7,-2,-2,-2,-2
399,399,46,916283,258,916224,25,91625,5,916279,239,-2,-2
400,400,76,916283,258,916218,19,9162108,402,-2,-2,-2,-2
401,401,67,916283,259,916216,17,91625,5,-2,-2,-2,-2
402,402,33,916283,259,916224,25,9162108,402,916267,210,-2,-2
403,403,30,916283,260,916211,12,9162104,398,916225,26,-2,-2
404,404,32,916283,260,916222,23,91621,1,916267,210,-2,-2
405,405,23,916283,261,916216,17,91627,7,916215,16,-2,-2
406,406,34,916283,261,916224,25,91626,6,916265,208,-2,-2
407,407,10,916283,262,916230,31,91628,8,-2,-2,91629,9
408,408,57,916283,262,916211,12,9162104,398,916263,206,-2,-2
409,409,20,916283,263,916229,30,91628,8,916278,238,-2,-2
410,410,38,916283,263,916216,17,9162110,404,916227,28,-2,-2
411,411,77,916283,264,916213,14,9162107,401,-2,-2,-2,-2
412,412,51,916283,264,916230,31,9162108,402,9162105,399,-2,-2
413,413,14,916283,264,916223,24,91624,4,-2,-2,91629,9
414,414,69,916283,265,916218,19,9162108,402,-2,-2,-2,-2
415,415,2,916283,265,916222,23,91623,3,-2,-2,-2,-2
416,416,22,916283,265,916223,24,91628,8,916267,210,-2,-2
417,417,87,916283,265,916224,25,9162107,401,-2,-2,-2,-2
418,418,47,916284,266,916222,23,9162104,398,916264,207,-2,-2
419,419,51,916284,267,916214,15,91628,8,916279,239,-2,-2
420,420,77,916284,268,916223,24,91625,5,-2,-2,-2,-2
421,421,24,916284,268,9162109,403,91625,5,916269,212,-2,-2
422,422,58,916284,269,9162109,403,91621,1,916268,211,-2,-2
423,423,30,916284,269,916282,242,91627,7,916217,18,-2,-2
424,424,59,916284,270,916212,13,91625,5,916263,206,-2,-2
425,425,4,916284,270,9162109,403,9162108,402,-2,-2,-2,-2
426,426,12,916284,271,916212,13,91625,5,-2,-2,91629,9
427,427,44,916284,271,916221,22,9162110,404,916265,208,-2,-2
428,428,22,916284,271,916280,240,91625,5,916262,205,-2,-2
429,429,24,916284,272,916212,13,9162108,402,916217,18,-2,-2
430,430,59,916284,272,916222,23,9162107,401,916269,212,-2,-2
431,431,33,916284,272,916213,14,9162107,401,916217,18,-2,-2
432,432,14,916284,273,916229,30,91627,7,-2,-2,91629,9
433,433,14,916284,273,9162109,403,91624,4,-2,-2,91629,9
434,434,61,916284,273,916222,23,9162108,402,-2,-2,-2,-2
435,435,39,916284,273,916222,23,9162110,404,916278,238,-2,-2
436,436,5,916284,274,916228,29,91626,6,-2,-2,91629,9
437,437,2,916284,274,916230,31,9162107,401,-2,-2,-2,-2
438,438,25,916284,274,916222,23,91627,7,916225,26,-2,-2
439,439,30,916284,274,916221,22,9162110,404,916277,237,-2,-2
440,440,57,916284,275,916221,22,91627,7,916231,32,-2,-2
441,441,37,916284,275,916230,31,91628,8,916217,18,-2,-2
442,442,40,916284,275,916211,12,91624,4,916226,27,-2,-2
443,443,23,916284,275,9162106,400,91627,7,916231,32,-2,-2
444,444,53,916285,276,916228,29,91628,8,916232,33,-2,-2
445,445,82,916285,277,916280,240,9162107,401,-2,-2,-2,-2
446,446,59,916285,278,916222,23,9162107,401,9162105,399,-2,-2
447,447,31,916285,279,916219,20,9162104,398,9162105,399,-2,-2
448,448,86,916285,280,916218,19,9162107,401,-2,-2,-2,-2
449,449,51,916285,281,916214,15,91625,5,916263,206,-2,-2
450,450,53,916285,282,916224,25,91621,1,916263,206,-2,-2
451,451,63,916285,282,916219,20,91621,1,-2,-2,-2,-2
452,452,33,916285,283,916213,14,91628,8,9162105,399,-2,-2
453,453,40,916285,283,916222,23,91628,8,916266,209,-2,-2
454,454,21,916285,284,916223,24,91621,1,916225,26,-2,-2
455,455,7,916285,284,916216,17,91623,3,-2,-2,91629,9
456,456,61,916285,285,916222,23,91626,6,-2,-2,-2,-2
457,457,26,916285,285,916230,31,9162107,401,916225,26,-2,-2
458,458,18,916285,285,916222,23,9162107,401,916217,18,-2,-2
459,459,2,916285,286,9162109,403,91622,2,-2,-2,-2,-2
460,460,2,916285,286,916221,22,91624,4,-2,-2,-2,-2
461,461,36,916285,286,916282,242,91622,2,916279,239,-2,-2
462,462,16,916285,286,916218,19,91624,4,916220,21,-2,-2
463,463,27,916285,287,916222,23,91622,2,916217,18,-2,-2
464,464,14,916285,287,916212,13,91622,2,-2,-2,91629,9
465,465,11,916285,287,916223,24,91625,5,-2,-2,91629,9
466,466,42,916285,287,916223,24,9162108,402,916225,26,-2,-2
467,467,19,916285,288,916218,19,91623,3,916277,237,-2,-2
468,468,52,916285,288,916218,19,91622,2,916232,33,-2,-2
469,469,68,916285,288,916282,242,91627,7,-2,-2,-2,-2
470,470,43,916285,288,916213,14,91622,2,916269,212,-2,-2
471,471,65,916285,288,916229,30,91624,4,-2,-2,-2,-2
472,472,80,916286,289,916229,30,9162108,402,-2,-2,-2,-2
473,473,61,916286,290,916222,23,91621,1,-2,-2,-2,-2
474,474,14,916286,291,916214,15,91624,4,-2,-2,91629,9
475,475,9,916286,291,916219,20,9162108,402,-2,-2,91629,9
476,476,74,916286,291,916218,19,91622,2,-2,-2,-2,-2
477,477,33,916286,291,916221,22,9162107,401,916264,207,-2,-2
478,478,77,916286,292,916216,17,91624,4,-2,-2,-2,-2
479,479,4,916286,292,916229,30,9162107,401,-2,-2,-2,-2
480,480,0,916286,292,916219,20,91623,3,-2,-2,-2,-2
481,481,48,916286,292,916213,14,91624,4,916231,32,-2,-2
482,482,54,916287,293,916213,14,9162104,398,916278,238,-2,-2
483,483,23,916287,293,916216,17,91624,4,916268,211,-2,-2
484,484,66,916287,293,916221,22,91625,5,-2,-2,-2,-2
485,485,48,916287,294,916212,13,9162107,401,916281,241,-2,-2
486,486,38,916287,294,916280,240,9162104,398,916231,32,-2,-2
487,487,20,916287,294,916212,13,91624,4,916279,239,-2,-2
488,488,61,916287,294,916280,240,9162107,401,-2,-2,-2,-2
489,489,47,916288,295,916216,17,9162107,401,916215,16,-2,-2
490,490,54,916288,296,916212,13,91628,8,916227,28,-2,-2
491,491,43,916288,296,9162106,400,9162107,401,9162105,399,-2,-2
492,492,61,916288,297,9162106,400,91627,7,-2,-2,-2,-2
493,493,36,916288,297,916218,19,91628,8,916268,211,-2,-2
494,494,19,916288,297,916221,22,91624,4,916215,16,-2,-2
495,495,70,916288,298,916221,22,9162110,404,-2,-2,-2,-2
496,496,24,916288,298,916212,13,91626,6,916262,205,-2,-2
497,497,28,916288,298,916213,14,91621,1,916220,21,-2,-2
498,498,29,916288,298,916211,12,91623,3,916277,237,-2,-2
499,499,72,916289,299,9162109,403,91621,1,-2,-2,-2,-2
500,500,59,916289,300,916224,25,91624,4,916225,26,-2,-2
501,501,37,916289,301,916222,23,91621,1,916231,32,-2,-2
502,502,51,916289,302,916282,242,91628,8,916269,212,-2,-2
503,503,40,916289,302,916222,23,91627,7,916220,21,-2,-2
504,504,31,916289,303,916280,240,91624,4,916217,18,-2,-2
505,505,86,916289,303,916228,29,91626,6,-2,-2,-2,-2
506,506,61,916289,303,916212,13,9162108,402,-2,-2,-2,-2
507,507,86,916289,303,916219,20,91623,3,-2,-2,-2,-2
508,508,1,916289,303,9162106,400,91621,1,-2,-2,-2,-2
509,509,46,916290,304,916213,14,91622,2,916278,238,-2,-2
510,510,28,916290,305,916219,20,91624,4,916217,18,-2,-2
511,511,39,916290,306,916218,19,91626,6,9162105,399,-2,-2
512,512,24,916290,306,916223,24,9162104,398,916226,27,-2,-2
513,513,31,916290,307,916229,30,9162107,401,916265,208,-2,-2
514,514,65,916290,307,916212,13,9162108,402,-2,-2,-2,-2
515,515,79,916290,308,916218,19,91624,4,-2,-2,-2,-2
516,516,3,916290,308,916280,240,91628,8,-2,-2,-2,-2
517,517,18,916290,309,916280,240,91622,2,916278,238,-2,-2
518,518,55,916290,309,916212,13,91622,2,916266,209,-2,-2
519,519,13,916290,309,916218,19,91621,1,-2,-2,91629,9
520,520,47,916291,310,9162109,403,9162110,404,916262,205,-2,-2
521,521,48,916291,311,916229,30,9162108,402,916225,26,-2,-2
522,522,83,916291,312,916212,13,91626,6,-2,-2,-2,-2
523,523,17,916291,313,916229,30,91622,2,916266,209,-2,-2
524,524,41,916291,313,916214,15,9162104,398,916266,209,-2,-2
525,525,51,916291,314,916218,19,91624,4,916265,208,-2,-2
526,526,20,916291,314,916222,23,91627,7,916227,28,-2,-2
527,527,2,916291,314,916221,22,9162107,401,-2,-2,-2,-2
528,528,69,916291,315,916221,22,91625,5,-2,-2,-2,-2
529,529,3,916291,315,916219,20,9162108,402,-2,-2,-2,-2
530,530,54,916291,315,916218,19,9162107,401,916262,205,-2,-2
531,531,56,916291,315,916230,31,91627,7,916263,206,-2,-2
532,532,25,916291,315,916216,17,91621,1,916262,205,-2,-2
533,533,70,916292,316,916221,22,91623,3,-2,-2,-2,-2
534,534,44,916292,316,916282,242,91621,1,916217,18,-2,-2
535,535,48,916292,316,916229,30,9162108,402,916277,237,-2,-2
536,536,1,916292,317,916228,29,91624,4,-2,-2,-2,-2
537,537,6,916292,317,916280,240,91621,1,-2,-2,91629,9
538,538,16,916292,317,916280,240,9162104,398,916264,207,-2,-2
539,539,37,916292,317,916224,25,91622,2,916227,28,-2,-2
540,540,56,916292,318,916229,30,91625,5,916225,26,-2,-2
541,541,64,916292,318,916211,12,91624,4,-2,-2,-2,-2
542,542,24,916292,318,9162106,400,91627,7,916265,208,-2,-2
543,543,16,916292,318,916214,15,91621,1,916225,26,-2,-2
544,544,77,916293,319,916213,14,9162107,401,-2,-2,-2,-2
545,545,16,916293,320,916213,14,9162108,402,9162105,399,-2,-2
546,546,52,916293,321,916213,14,91622,2,916226,27,-2,-2
547,547,23,916293,322,916282,242,9162108,402,916279,239,-2,-2
548,548,42,916293,323,916224,25,91624,4,916266,209,-2,-2
549,549,57,916293,324,916216,17,9162104,398,916267,210,-2,-2
550,550,56,916293,325,9162109,403,91622,2,916217,18,-2,-2
551,551,51,916293,326,916214,15,9162108,402,916262,205,-2,-2
552,552,45,916293,326,916224,25,91628,8,916225,26,-2,-2
553,553,62,916293,327,916222,23,91625,5,-2,-2,-2,-2
554,554,34,916293,327,916221,22,91624,4,916227,28,-2,-2
555,555,89,916293,327,916230,31,91622,2,-2,-2,-2,-2
556,556,53,916294,328,916224,25,91625,5,916227,28,-2,-2
557,557,84,916294,329,916224,25,9162107,401,-2,-2,-2,-2
558,558,28,916294,330,9162109,403,91628,8,916279,239,-2,-2
559,559,75,916294,331,916219,20,91624,4,-2,-2,-2,-2
560,560,70,916294,332,916211,12,91627,7,-2,-2,-2,-2
561,561,66,916294,332,916216,17,91622,2,-2,-2,-2,-2
562,562,56,916294,333,916221,22,91627,7,916232,33,-2,-2
563,563,71,916294,333,916230,31,91626,6,-2,-2,-2,-2
564,564,53,916294,334,9162106,400,9162110,404,916225,26,-2,-2
565,565,40,916294,334,916219,20,91623,3,916262,205,-2,-2
566,566,56,916295,335,916280,240,91622,2,9162105,399,-2,-2
567,567,57,916295,336,916224,25,91621,1,916215,16,-2,-2
568,568,57,916295,337,9162109,403,91622,2,916264,207,-2,-2
569,569,71,916295,338,9162106,400,9162107,401,-2,-2,-2,-2
570,570,52,916295,339,916211,12,9162110,404,916232,33,-2,-2
571,571,43,916295,340,916218,19,91623,3,916279,239,-2,-2
572,572,81,916295,340,916224,25,91623,3,-2,-2,-2,-2
573,573,79,916295,341,9162109,403,9162110,404,-2,-2,-2,-2
574,574,37,916295,341,9162109,403,91626,6,916279,239,-2,-2
575,575,75,916295,341,916228,29,91628,8,-2,-2,-2,-2
576,576,51,916296,342,916230,31,91622,2,916232,33,-2,-2
577,577,32,916296,343,916212,13,9162110,404,916265,208,-2,-2
578,578,69,916296,344,916229,30,91621,1,-2,-2,-2,-2
579,579,54,916296,345,916218,19,91625,5,916231,32,-2,-2
580,580,16,916296,345,9162106,400,91624,4,916220,21,-2,-2
581,581,47,916296,346,916223,24,91623,3,916268,211,-2,-2
582,582,52,916296,346,916230,31,9162104,398,916225,26,-2,-2
583,583,31,916296,347,9162109,403,91623,3,916264,207,-2,-2
584,584,22,916296,347,916213,14,91625,5,916263,206,-2,-2
585,585,72,916296,348,916282,242,9162110,404,-2,-2,-2,-2
586,586,33,916296,348,916228,29,91626,6,916279,239,-2,-2
587,587,64,916296,348,9162106,400,91624,4,-2,-2,-2,-2
588,588,57,916297,349,916228,29,91625,5,916220,21,-2,-2
589,589,49,916297,350,9162109,403,91624,4,916264,207,-2,-2
590,590,20,916297,351,9162109,403,91625,5,916264,207,-2,-2
591,591,33,916297,351,916211,12,91621,1,916220,21,-2,-2
592,592,0,916297,352,916221,22,91624,4,-2,-2,-2,-2
593,593,50,916297,352,916218,19,91627,7,9162105,399,-2,-2
594,594,33,916297,352,916230,31,9162110,404,916232,33,-2,-2
595,595,16,916297,353,916229,30,91622,2,916232,33,-2,-2
596,596,50,916297,353,916223,24,91627,7,916269,212,-2,-2
597,597,7,916297,353,916219,20,9162107,401,-2,-2,91629,9
598,598,67,916298,354,916223,24,91626,6,-2,-2,-2,-2
599,599,90,916298,355,916282,242,91624,4,-2,-2,-2,-2
600,600,62,916298,356,916212,13,9162107,401,-2,-2,-2,-2
601,601,73,916298,357,916216,17,9162107,401,-2,-2,-2,-2
602,602,53,916298,358,916222,23,91624,4,916231,32,-2,-2
603,603,38,916298,359,916230,31,91621,1,916231,32,-2,-2
604,604,17,916298,359,916282,242,91621,1,916215,16,-2,-2
605,605,57,916298,360,916218,19,91625,5,916231,32,-2,-2
606,606,55,916298,360,916224,25,9162108,402,916225,26,-2,-2
607,607,38,916298,361,916213,14,9162110,404,916232,33,-2,-2
608,608,54,916298,361,916219,20,91627,7,916269,212,-2,-2
609,609,39,916298,361,916219,20,91624,4,916277,237,-2,-2
610,610,46,916299,362,916219,20,91623,3,916231,32,-2,-2
611,611,82,916299,363,916282,242,91624,4,-2,-2,-2,-2
612,612,21,916299,364,916211,12,91628,8,916215,16,-2,-2
613,613,49,916299,364,916282,242,91624,4,916281,241,-2,-2
614,614,75,916299,365,916216,17,91624,4,-2,-2,-2,-2
615,615,47,916299,365,9162106,400,91627,7,916278,238,-2,-2
616,616,41,916299,366,916222,23,91623,3,916281,241,-2,-2
617,617,45,916299,366,916216,17,9162107,401,916277,237,-2,-2
618,618,81,916299,366,916221,22,91622,2,-2,-2,-2,-2
619,619,60,916299,366,916282,242,9162107,401,-2,-2,-2,-2
620,620,46,9162100,367,916218,19,91623,3,916269,212,-2,-2
621,621,22,9162100,368,916280,240,91621,1,916266,209,-2,-2
622,622,49,9162100,368,916222,23,91627,7,916267,210,-2,-2
623,623,32,9162100,369,916222,23,91628,8,916281,241,-2,-2
624,624,40,9162100,369,916216,17,91626,6,9162105,399,-2,-2
625,625,59,9162100,370,916224,25,91622,2,916268,211,-2,-2
626,626,59,9162100,370,916221,22,9162104,398,916265,208,-2,-2
627,627,73,9162100,371,916213,14,91622,2,-2,-2,-2,-2
628,628,37,9162100,371,916224,25,91626,6,916220,21,-2,-2
629,629,25,9162101,372,916213,14,9162108,402,916215,16,-2,-2
630,630,75,9162101,373,916221,22,91623,3,-2,-2,-2,-2
631,631,18,9162101,374,916230,31,91623,3,916277,237,-2,-2
632,632,21,9162101,375,916213,14,91625,5,916231,32,-2,-2
633,633,26,9162101,375,916218,19,9162104,398,916227,28,-2,-2
634,634,48,9162101,376,916218,19,91628,8,916220,21,-2,-2
635,635,26,9162101,376,916223,24,9162107,401,916277,237,-2,-2
636,636,29,9162101,376,916224,25,9162108,402,916227,28,-2,-2
637,637,9,9162101,376,9162109,403,91628,8,-2,-2,91629,9
638,638,57,9162102,377,916212,13,91628,8,916220,21,-2,-2
639,639,81,9162102,378,916219,20,91621,1,-2,-2,-2,-2
640,640,64,9162102,379,916214,15,91628,8,-2,-2,-2,-2
641,641,20,9162102,380,916211,12,91628,8,916220,21,-2,-2
642,642,66,9162102,380,916224,25,91625,5,-2,-2,-2,-2
643,643,26,9162102,381,916213,14,91626,6,916227,28,-2,-2
644,644,70,9162102,381,9162109,403,91626,6,-2,-2,-2,-2
645,645,19,9162102,382,916221,22,91628,8,916265,208,-2,-2
646,646,18,9162102,382,916229,30,91623,3,916227,28,-2,-2
647,647,28,9162102,383,916214,15,9162110,404,916264,207,-2,-2
648,648,22,9162102,383,916211,12,91622,2,916278,238,-2,-2
649,649,28,9162102,384,916214,15,9162104,398,916267,210,-2,-2
650,650,26,9162102,384,916211,12,91622,2,916266,209,-2,-2
651,651,37,9162102,385,916214,15,91624,4,916268,211,-2,-2
652,652,54,9162102,385,916221,22,9162108,402,9162105,399,-2,-2
653,653,58,9162102,386,916282,242,9162107,401,916265,208,-2,-2
654,654,26,9162102,386,916230,31,91625,5,916264,207,-2,-2
655,655,33,9162102,387,9162109,403,91622,2,916262,205,-2,-2
656,656,46,9162102,387,916223,24,91624,4,916267,210,-2,-2
657,657,57,9162102,387,916223,24,91626,6,916277,237,-2,-2
658,658,13,9162102,388,916280,240,91625,5,-2,-2,91629,9
659,659,10,9162102,388,916280,240,91626,6,-2,-2,91629,9
660,660,64,9162102,388,916211,12,91622,2,-2,-2,-2,-2
661,661,18,9162102,388,916212,13,91628,8,916281,241,-2,-2
662,662,6,9162102,389,916280,240,9162110,404,-2,-2,91629,9
663,663,9,9162102,389,916219,20,9162104,398,-2,-2,91629,9
664,664,68,9162102,389,916280,240,91625,5,-2,-2,-2,-2
665,665,23,9162102,389,916280,240,9162104,398,916266,209,-2,-2
666,666,18,9162102,390,916228,29,9162107,401,916232,33,-2,-2
667,667,62,9162102,390,916222,23,91624,4,-2,-2,-2,-2
668,668,36,9162102,390,916211,12,91622,2,916226,27,-2,-2
669,669,71,9162102,390,916216,17,91622,2,-2,-2,-2,-2
670,670,28,9162103,391,916230,31,91628,8,916225,26,-2,-2
671,671,18,9162103,392,916212,13,9162104,398,916267,210,-2,-2
672,672,30,9162103,393,916211,12,9162104,398,916215,16,-2,-2
673,673,52,9162103,393,916221,22,91623,3,916268,211,-2,-2
674,674,54,9162103,394,916216,17,91628,8,916279,239,-2,-2
675,675,26,9162103,394,916218,19,91625,5,916279,239,-2,-2
676,676,4,9162103,395,916219,20,9162110,404,-2,-2,-2,-2
677,677,49,9162103,395,916216,17,9162110,404,916278,238,-2,-2
678,678,42,9162103,395,9162106,400,91623,3,916265,208,-2,-2
679,679,51,9162103,396,916229,30,91627,7,916263,206,-2,-2
680,680,10,9162103,396,916214,15,91627,7,-2,-2,91629,9
681,681,74,9162103,396,9162106,400,91622,2,-2,-2,-2,-2
682,682,19,9162103,397,916228,29,91625,5,916266,209,-2,-2
683,683,49,9162103,397,916214,15,91623,3,916281,241,-2,-2
684,684,90,9162103,397,916211,12,9162108,402,-2,-2,-2,-2
685,685,33,9162103,397,916222,23,9162110,404,916232,33,-2,-2
686,686,20,9162111,405,916213,14,91621,1,916231,32,-2,-2
687,687,65,9162111,406,916211,12,91627,7,-2,-2,-2,-2
688,688,24,9162111,407,916280,240,91623,3,916279,239,-2,-2
689,689,52,9162111,408,916219,20,91621,1,916268,211,-2,-2
690,690,47,9162111,409,916223,24,91625,5,916226,27,-2,-2
691,691,76,9162111,410,916221,22,91628,8,-2,-2,-2,-2
692,692,42,9162111,411,916223,24,91626,6,916225,26,-2,-2
693,693,55,9162111,412,916224,25,91624,4,916262,205,-2,-2
694,694,18,9162111,413,916214,15,9162107,401,916217,18,-2,-2
695,695,80,9162111,414,916224,25,9162107,401,-2,-2,-2,-2
696,696,63,9162111,415,916214,15,91623,3,-2,-2,-2,-2
697,697,34,9162111,416,916222,23,9162108,402,916262,205,-2,-2
698,698,54,9162111,416,9162106,400,91624,4,916217,18,-2,-2
699,699,31,9162111,417,916218,19,91627,7,916269,212,-2,-2
700,700,52,9162111,417,916213,14,91623,3,916226,27,-2,-2
701,701,2,9162111,418,916230,31,91624,4,-2,-2,-2,-2
702,702,57,9162111,418,916228,29,91626,6,916277,237,-2,-2
703,703,69,9162111,418,916282,242,91628,8,-2,-2,-2,-2
704,704,11,9162111,419,916222,23,91621,1,-2,-2,91629,9
705,705,56,9162111,419,916282,242,91623,3,916227,28,-2,-2
706,706,52,9162111,419,916213,14,91627,7,916220,21,-2,-2
707,707,48,9162111,420,916213,14,91624,4,916266,209,-2,-2
708,708,23,9162111,420,916218,19,91624,4,916268,211,-2,-2
709,709,56,9162111,420,916224,25,91624,4,916267,210,-2,-2
710,710,1,9162111,421,916213,14,91624,4,-2,-2,-2,-2
711,711,14,9162111,421,916230,31,91621,1,-2,-2,91629,9
712,712,53,9162111,421,916222,23,91622,2,916232,33,-2,-2
713,713,67,9162111,421,916223,24,9162107,401,-2,-2,-2,-2
714,714,4,9162111,422,916219,20,91622,2,-2,-2,-2,-2
715,715,1,9162111,422,916218,19,91623,3,-2,-2,-2,-2
716,716,25,9162111,422,916219,20,91621,1,916215,16,-2,-2
717,717,55,9162111,422,916213,14,9162108,402,916227,28,-2,-2
718,718,2,9162111,423,916222,23,91624,4,-2,-2,-2,-2
719,719,11,9162111,423,916213,14,9162110,404,-2,-2,91629,9
720,720,35,9162111,423,916214,15,9162107,401,916263,206,-2,-2
721,721,31,9162111,423,916213,14,91624,4,916281,241,-2,-2
722,722,34,9162111,424,916223,24,9162110,404,916269,212,-2,-2
723,723,56,9162111,424,916223,24,91626,6,916232,33,-2,-2
724,724,4,9162111,424,916224,25,91627,7,-2,-2,-2,-2
725,725,26,9162111,424,916211,12,91621,1,916262,205,-2,-2
726,726,40,9162112,425,916216,17,91622,2,916232,33,-2,-2
727,727,40,9162112,426,916221,22,91624,4,916231,32,-2,-2
728,728,55,9162112,426,916224,25,91621,1,916232,33,-2,-2
729,729,32,9162112,427,916213,14,9162110,404,916226,27,-2,-2
730,730,67,9162112,427,916214,15,91628,8,-2,-2,-2,-2
731,731,18,9162112,427,916282,242,9162108,402,916227,28,-2,-2
732,732,67,9162112,427,916223,24,91628,8,-2,-2,-2,-2
733,733,71,9162113,428,916224,25,91626,6,-2,-2,-2,-2
734,734,78,9162113,429,916218,19,91625,5,-2,-2,-2,-2
735,735,52,9162113,430,916218,19,91628,8,916264,207,-2,-2
736,736,60,9162113,431,916216,17,9162104,398,-2,-2,-2,-2
737,737,30,9162113,432,916214,15,91622,2,916279,239,-2,-2
738,738,86,9162113,433,916216,17,91624,4,-2,-2,-2,-2
739,739,20,9162113,434,916282,242,9162104,398,916217,18,-2,-2
740,740,51,9162113,434,9162106,400,9162107,401,9162105,399,-2,-2
741,741,45,9162113,435,916222,23,91624,4,916267,210,-2,-2
742,742,88,9162113,435,916222,23,9162107,401,-2,-2,-2,-2
743,743,61,9162114,436,9162106,400,91628,8,-2,-2,-2,-2
744,744,74,9162114,437,916229,30,91626,6,-2,-2,-2,-2
745,745,18,9162114,438,916211,12,91627,7,916226,27,-2,-2
746,746,33,9162114,439,916222,23,91622,2,916267,210,-2,-2
747,747,42,9162114,440,9162109,403,9162107,401,916263,206,-2,-2
748,748,46,9162114,440,916212,13,91626,6,916231,32,-2,-2
749,749,35,9162114,441,916228,29,91623,3,916264,207,-2,-2
750,750,77,9162114,441,916280,240,91622,2,-2,-2,-2,-2
751,751,43,9162114,441,916224,25,91626,6,916277,237,-2,-2
752,752,55,9162114,441,916214,15,9162104,398,916269,212,-2,-2
753,753,81,9162114,441,916282,242,91627,7,-2,-2,-2,-2
754,754,21,9162115,442,916229,30,91622,2,9162105,399,-2,-2
755,755,27,9162115,443,916211,12,91622,2,916269,212,-2,-2
756,756,31,9162115,443,916218,19,9162108,402,916232,33,-2,-2
757,757,55,9162115,444,916228,29,9162108,402,916231,32,-2,-2
758,758,25,9162115,444,916228,29,9162108,402,916266,209,-2,-2
759,759,59,9162115,445,916221,22,9162104,398,916264,207,-2,-2
760,760,24,9162115,445,916222,23,91622,2,916268,211,-2,-2
761,761,47,9162115,445,916229,30,91624,4,916266,209,-2,-2
762,762,1,9162115,445,916216,17,91627,7,-2,-2,-2,-2
763,763,34,9162115,445,916216,17,91625,5,916226,27,-2,-2
764,764,38,9162116,446,916282,242,9162104,398,916227,28,-2,-2
765,765,74,9162116,447,916224,25,91623,3,-2,-2,-2,-2
766,766,82,9162116,447,916218,19,91626,6,-2,-2,-2,-2
767,767,29,9162116,448,916230,31,91622,2,916264,207,-2,-2
768,768,1,9162116,448,916216,17,9162108,402,-2,-2,-2,-2
769,769,57,9162116,448,916230,31,9162104,398,916264,207,-2,-2
770,770,68,9162116,449,916213,14,91624,4,-2,-2,-2,-2
771,771,50,9162116,449,916224,25,9162104,398,916226,27,-2,-2
772,772,88,9162116,449,916280,240,9162107,401,-2,-2,-2,-2
773,773,56,9162116,449,916214,15,91627,7,916227,28,-2,-2
774,774,13,9162116,449,916213,14,91626,6,-2,-2,91629,9
775,775,77,9162117,450,916221,22,91628,8,-2,-2,-2,-2
776,776,89,9162117,451,9162109,403,9162104,398,-2,-2,-2,-2
777,777,42,9162117,452,916229,30,9162108,402,916220,21,-2,-2
778,778,55,9162117,453,916218,19,91624,4,916281,241,-2,-2
779,779,66,9162117,453,916222,23,9162110,404,-2,-2,-2,-2
780,780,20,9162117,454,916219,20,9162107,401,916225,26,-2,-2
781,781,30,9162117,454,916282,242,91627,7,916215,16,-2,-2
782,782,53,9162117,455,916222,23,9162110,404,916231,32,-2,-2
783,783,51,9162117,455,916282,242,9162107,401,916269,212,-2,-2
784,784,50,9162117,456,916280,240,9162108,402,916279,239,-2,-2
785,785,23,9162117,456,916218,19,91628,8,916264,207,-2,-2
786,786,81,9162118,457,916216,17,91627,7,-2,-2,-2,-2
787,787,51,9162118,458,916282,242,91628,8,916232,33,-2,-2
788,788,47,9162118,459,916221,22,91625,5,916225,26,-2,-2
789,789,17,9162118,459,916214,15,9162108,402,916217,18,-2,-2
790,790,61,9162118,460,916228,29,91625,5,-2,-2,-2,-2
791,791,78,9162118,460,916229,30,9162107,401,-2,-2,-2,-2
792,792,74,9162118,461,9162109,403,91622,2,-2,-2,-2,-2
793,793,52,9162118,461,916211,12,91628,8,916217,18,-2,-2
794,794,33,9162118,462,916212,13,91621,1,916278,238,-2,-2
795,795,21,9162118,462,916222,23,91627,7,916267,210,-2,-2
796,796,21,9162118,462,916218,19,91627,7,916217,18,-2,-2
797,797,25,9162119,463,916222,23,91625,5,916279,239,-2,-2
798,798,86,9162119,464,916214,15,91622,2,-2,-2,-2,-2
799,799,23,9162119,465,916223,24,91628,8,916217,18,-2,-2
800,800,46,9162119,466,916221,22,9162104,398,916220,21,-2,-2
801,801,43,9162119,466,916282,242,91627,7,916277,237,-2,-2
802,802,73,9162119,466,9162109,403,91625,5,-2,-2,-2,-2
803,803,58,9162119,467,916211,12,9162107,401,916225,26,-2,-2
804,804,50,9162119,467,916230,31,9162104,398,916262,205,-2,-2
805,805,56,9162119,467,916216,17,91625,5,916269,212,-2,-2
806,806,11,9162119,467,9162106,400,91626,6,-2,-2,91629,9
807,807,0,9162120,468,916228,29,91626,6,-2,-2,-2,-2
808,808,0,9162120,468,916212,13,91627,7,-2,-2,-2,-2
809,809,1,9162120,468,9162106,400,91627,7,-2,-2,-2,-2
810,810,24,9162120,468,916216,17,91624,4,916226,27,-2,-2
811,811,50,9162120,468,916224,25,9162107,401,916269,212,-2,-2
812,812,29,9162120,469,916229,30,91626,6,916264,207,-2,-2
813,813,10,9162120,469,916222,23,91624,4,-2,-2,91629,9
814,814,3,9162120,469,916223,24,91621,1,-2,-2,-2,-2
815,815,14,9162120,469,916224,25,91622,2,-2,-2,91629,9
816,816,54,9162120,469,916222,23,91628,8,916231,32,-2,-2
817,817,50,9162121,470,916211,12,91622,2,916225,26,-2,-2
818,818,25,9162121,471,916213,14,91622,2,916263,206,-2,-2
819,819,13,9162121,471,916213,14,9162108,402,-2,-2,91629,9
820,820,81,9162121,471,916282,242,91624,4,-2,-2,-2,-2
821,821,7,9162121,471,916223,24,91623,3,-2,-2,91629,9
822,822,30,9162121,472,916228,29,91623,3,916277,237,-2,-2
823,823,39,9162121,472,916221,22,9162107,401,916266,209,-2,-2
824,824,66,9162121,472,916280,240,91624,4,-2,-2,-2,-2
825,825,40,9162121,472,916229,30,91627,7,916269,212,-2,-2
826,826,39,9162121,472,916222,23,9162104,398,916220,21,-2,-2
827,827,40,9162122,473,916222,23,91628,8,916226,27,-2,-2
828,828,73,9162122,474,916222,23,9162104,398,-2,-2,-2,-2
829,829,51,9162122,475,916230,31,91623,3,916265,208,-2,-2
830,830,40,9162122,476,9162106,400,91623,3,916266,209,-2,-2
831,831,53,9162122,477,916218,19,91628,8,916266,209,-2,-2
832,832,52,9162122,478,916230,31,9162110,404,916262,205,-2,-2
833,833,52,9162122,479,916214,15,91626,6,916266,209,-2,-2
834,834,17,9162122,479,916216,17,9162107,401,916263,206,-2,-2
835,835,58,9162122,480,916230,31,91626,6,916264,207,-2,-2
836,836,70,9162122,480,916211,12,9162107,401,-2,-2,-2,-2
837,837,7,9162122,481,916212,13,91627,7,-2,-2,91629,9
838,838,1,9162122,481,916282,242,91628,8,-2,-2,-2,-2
839,839,32,9162122,481,9162106,400,91628,8,916266,209,-2,-2
840,840,29,9162122,481,916228,29,91625,5,916226,27,-2,-2
841,841,47,9162122,482,916222,23,91623,3,916220,21,-2,-2
842,842,75,9162122,482,916223,24,9162107,401,-2,-2,-2,-2
843,843,74,9162122,482,916224,25,91626,6,-2,-2,-2,-2
844,844,53,9162122,482,916282,242,91625,5,916279,239,-2,-2
845,845,27,9162123,483,916224,25,91623,3,916227,28,-2,-2
846,846,39,9162123,484,916213,14,91624,4,916262,205,-2,-2
847,847,22,9162123,485,916280,240,91624,4,916265,208,-2,-2
848,848,48,9162123,486,9162106,400,91627,7,916266,209,-2,-2
849,849,44,9162123,487,9162109,403,91623,3,916263,206,-2,-2
850,850,41,9162123,487,916224,25,91626,6,916281,241,-2,-2
851,851,8,9162123,488,916222,23,91624,4,-2,-2,91629,9
852,852,47,9162123,488,916228,29,9162107,401,916279,239,-2,-2
853,853,21,9162123,488,916221,22,9162110,404,916264,207,-2,-2
854,854,78,9162123,489,916221,22,91624,4,-2,-2,-2,-2
855,855,63,9162123,489,916282,242,91628,8,-2,-2,-2,-2
856,856,72,9162123,489,916221,22,91624,4,-2,-2,-2,-2
857,857,50,9162124,490,9162106,400,9162104,398,916267,210,-2,-2
858,858,31,9162124,491,916228,29,9162104,398,916264,207,-2,-2
859,859,63,9162124,491,916211,12,9162108,402,-2,-2,-2,-2
860,860,71,9162124,492,9162106,400,91623,3,-2,-2,-2,-2
861,861,53,9162124,492,916282,242,91623,3,916220,21,-2,-2
862,862,5,9162124,493,916229,30,91627,7,-2,-2,91629,9
863,863,8,9162124,493,916213,14,9162108,402,-2,-2,91629,9
864,864,54,9162124,493,916224,25,91626,6,916225,26,-2,-2
865,865,20,9162124,493,916219,20,91623,3,916281,241,-2,-2
866,866,3,9162124,494,916282,242,91628,8,-2,-2,-2,-2
867,867,0,9162124,494,916216,17,91623,3,-2,-2,-2,-2
868,868,35,9162124,494,916218,19,91622,2,916225,26,-2,-2
869,869,74,9162124,494,9162109,403,91627,7,-2,-2,-2,-2
870,870,20,9162124,495,916218,19,91626,6,916277,237,-2,-2
871,871,56,9162124,495,916223,24,91622,2,916265,208,-2,-2
872,872,78,9162124,495,916211,12,91622,2,-2,-2,-2,-2
873,873,50,9162124,495,916223,24,91626,6,916217,18,-2,-2
874,874,23,9162125,496,916213,14,91624,4,916266,209,-2,-2
875,875,30,9162125,496,916212,13,91622,2,916269,212,-2,-2
876,876,21,9162125,497,916222,23,9162104,398,916217,18,-2,-2
877,877,47,9162125,497,916229,30,91622,2,916266,209,-2,-2
878,878,32,9162125,497,916216,17,91628,8,916220,21,-2,-2
879,879,38,9162125,498,916222,23,91627,7,916268,211,-2,-2
880,880,36,9162125,498,916282,242,91621,1,916265,208,-2,-2
881,881,51,9162125,498,9162109,403,91626,6,916269,212,-2,-2
882,882,21,9162125,498,916213,14,91626,6,916215,16,-2,-2
883,883,78,9162125,498,916218,19,91626,6,-2,-2,-2,-2
